{
    "Camphor": {
        "precision": 0.9958677685950413,
        "recall": 1.0,
        "f1-score": 0.9979296066252588,
        "support": 241.0
    },
    "HariTaki": {
        "precision": 1.0,
        "recall": 1.0,
        "f1-score": 1.0,
        "support": 244.0
    },
    "Neem": {
        "precision": 1.0,
        "recall": 0.9972375690607734,
        "f1-score": 0.9986168741355463,
        "support": 362.0
    },
    "Sojina": {
        "precision": 0.9960159362549801,
        "recall": 0.9960159362549801,
        "f1-score": 0.9960159362549801,
        "support": 251.0
    },
    "accuracy": 0.9981785063752276,
    "macro avg": {
        "precision": 0.9979709262125054,
        "recall": 0.9983133763289384,
        "f1-score": 0.9981406042539462,
        "support": 1098.0
    },
    "weighted avg": {
        "precision": 0.9981822697918079,
        "recall": 0.9981785063752276,
        "f1-score": 0.9981788193385749,
        "support": 1098.0
    }
}