Class,Accuracy
Bacterial Spot,93.44262295081968
Healthy Leaf,97.72079772079772
Powdery Mildew,81.60919540229885
Shot Hole,91.30434782608695
Shot Hole Leaf,91.76470588235294
Yellow Leaf,100.0
